date,market cap,btc cap,alt cap,eth cap,btc share,alt share,eth share
2015-08-10,4480800446.0,3843849984.0,636950462.0,43130000.0,85.78489558559555,14.215104414404445,0.9625512343113171
2015-08-11,4464960601.0,3828499968.0,636460633.0,42796500.0,85.74543674903975,14.254563250960253,0.9584966996218294
2015-08-12,4584014360.0,3920209920.0,663804440.0,64018400.0,85.51914571227478,14.480854287725226,1.3965575797192746
2015-08-13,4512522799.0,3857090048.0,655432751.0,73935400.0,85.47524787807725,14.52475212192274,1.6384493396107493
2015-08-14,4508364147.0,3828339968.0,680024179.0,109594000.0,84.9163874783161,15.083612521683909,2.430903902758767
2015-08-17,4420185870.0,3749260032.0,670925838.0,95819696.0,84.82132069256174,15.178679307438264,2.1677752659754104
2015-08-18,4403347631.0,3742020096.0,661327535.0,88143200.0,84.98125538978142,15.01874461021858,2.0017315775721003
2015-08-19,3864750858.0,3274860032.0,589890826.0,84663904.0,84.73664027322923,15.263359726770776,2.190669130061682
2015-08-20,3902389698.0,3293570048.0,608819650.0,90809000.0,84.39879927132793,15.601200728672076,2.3270100381450933
2015-08-21,4057495065.0,3417200128.0,640294937.0,107266000.0,84.21945247640123,15.780547523598775,2.6436507816183874
2015-08-24,3919830599.0,3314639872.0,605190727.0,97791600.0,84.56079384771394,15.439206152286072,2.494791484737833
2015-08-25,3620629045.0,3053250048.0,567378997.0,89321904.0,84.32927013653784,15.670729863462165,2.4670272179181505
2015-08-26,3782516492.0,3228539904.0,553976588.0,82384400.0,85.35428492719973,14.64571507280027,2.1780314817990223
2015-08-27,3859081604.0,3287219968.0,571861636.0,85106096.0,85.18140597474653,14.818594025253477,2.2053458499500547
2015-08-28,3835392205.0,3268369920.0,567022285.0,83521696.0,85.21605471636505,14.78394528363495,2.177657239098446
2015-08-31,3936304666.0,3335219968.0,601084698.0,96251000.0,84.72972117245155,15.270278827548456,2.445212151167366
2015-09-01,3950351780.0,3352760064.0,597591716.0,98617200.0,84.87244303088369,15.127556969116304,2.496415648329932
2015-09-02,3912407511.0,3321179904.0,591227607.0,98504600.0,84.8883940300768,15.11160596992321,2.5177489748459894
2015-09-03,3924763236.0,3340989952.0,583773284.0,94418704.0,85.12589807595721,14.874101924042787,2.405717194197648
2015-09-04,3874944326.0,3311079936.0,563864390.0,92234096.0,85.44845183409222,14.551548165907766,2.380268933959388
2015-09-08,4104540367.0,3498749952.0,605790415.0,91020704.0,85.240968273318,14.759031726682004,2.21756142860222
2015-09-09,4153887479.0,3551640064.0,602247415.0,90518304.0,85.50159535989684,14.498404640103155,2.179122676230778
2015-09-10,4065630176.0,3478409984.0,587220192.0,88230496.0,85.55647792397731,14.443522076022685,2.1701554784996757
2015-09-11,4064513736.0,3479310080.0,585203656.0,85144304.0,85.60212379609486,14.397876203905147,2.0948214111288217
2015-09-14,3953673974.0,3369189888.0,584484086.0,68814400.0,85.21668478878982,14.78331521121018,1.7405178184274839
2015-09-15,3913639296.0,3368359936.0,545279360.0,64052400.0,86.06720449282815,13.93279550717185,1.636645463608918
2015-09-16,3926876037.0,3365740032.0,561136005.0,68963296.0,85.71037130500588,14.289628694994121,1.7561872427397942
2015-09-17,3897415786.0,3349390080.0,548025706.0,66415200.0,85.93874156386968,14.061258436130325,1.7040830038861037
2015-09-18,3966363026.0,3415439872.0,550923154.0,64071300.0,86.11011774795624,13.889882252043764,1.6153665103270858
2015-09-21,3949066780.0,3383840000.0,565226780.0,69045904.0,85.68707972064226,14.312920279357746,1.7484106460210327
2015-09-22,3868991999.0,3322419968.0,546572031.0,67444200.0,85.87301211423363,14.126987885766368,1.7431982288263193
2015-09-23,3926688893.0,3381390080.0,545298813.0,66309600.0,86.11301206031145,13.886987939688556,1.6886899320750441
2015-09-24,3902974119.0,3373850112.0,529124007.0,65836400.0,86.44305622155728,13.556943778442717,1.6868264557405845
2015-09-25,3960479894.0,3433299968.0,527179926.0,60221400.0,86.68898870567023,13.311011294329777,1.520558154864856
2015-09-28,3924927859.0,3413629952.0,511297907.0,53201800.0,86.97306229902861,13.026937700971386,1.355484786249163
2015-09-29,4009164231.0,3505090048.0,504074183.0,42607700.0,87.42695100633806,12.573048993661942,1.0627576608247955
2015-09-30,3950288299.0,3471280128.0,479008171.0,48636600.0,87.87409589519683,12.125904104803162,1.2312164662086098
2015-10-01,3945891026.0,3462799872.0,483091154.0,54032300.0,87.75710857657121,12.242891423428782,1.3693307707682245
2015-10-02,3959516277.0,3482190080.0,477326197.0,50328700.0,87.94483559083498,12.055164409165025,1.2710820332359503
2015-10-05,3963015310.0,3497740032.0,465275278.0,49131600.0,88.259563953085,11.740436046914994,1.239752969816309
2015-10-06,3985406540.0,3531229952.0,454176588.0,45863300.0,88.60400856370352,11.395991436296484,1.1507809690100022
2015-10-07,4093354583.0,3617400064.0,475954519.0,47964700.0,88.37250696588383,11.627493034116169,1.1717699756380964
2015-10-08,4043037345.0,3572730112.0,470307233.0,44955900.0,88.36747739712011,11.63252260287989,1.1119338300349042
2015-10-09,4025341463.0,3565090048.0,460251415.0,48334900.0,88.5661522325367,11.4338477674633,1.2007652131945359
2015-10-12,4103215463.0,3632110080.0,471105383.0,46864200.0,88.5186291763592,11.481370823640805,1.1421335394787189
2015-10-13,4084147692.0,3608339968.0,475807724.0,46395200.0,88.3498893800533,11.6501106199467,1.135982425191885
2015-10-14,4152712268.0,3672369920.0,480342348.0,45250600.0,88.4330452725698,11.566954727430202,1.0896637445529853
2015-10-15,4184188925.0,3711800064.0,472388861.0,38688300.0,88.71014503724876,11.289854962751233,0.9246308112151029
2015-10-16,4217552421.0,3745090048.0,472462373.0,41608900.0,88.79771189926366,11.202288100736329,0.9865650938402408
2015-10-19,4309660188.0,3859269888.0,450390300.0,38321300.0,89.54928508623287,10.450714913767117,0.8891953965814624
2015-10-20,4335819211.0,3885570048.0,450249163.0,36261200.0,89.61559186190892,10.38440813809107,0.8363171579664832
2015-10-21,4409255754.0,3970980096.0,438275658.0,31973600.0,90.06009897243081,9.939901027569197,0.7251473215404688
2015-10-22,4367259863.0,3930500096.0,436759767.0,32977300.0,89.9992265012603,10.000773498739706,0.7551027654522696
2015-10-23,4487107031.0,4037009920.0,450097111.0,41986400.0,89.96910241074212,10.030897589257885,0.9357120235806562
2015-10-26,4632992072.0,4187409920.0,445582152.0,45991300.0,90.38241065222353,9.617589347776462,0.9926911008105002
2015-10-27,4668230662.0,4211500032.0,456730630.0,52624300.0,90.21619403432983,9.783805965670169,1.127285770781821
2015-10-28,4809232658.0,4338429952.0,470802706.0,64676600.0,90.21044022029511,9.78955977970488,1.3448424020911653
2015-10-29,4982176095.0,4496390144.0,485785951.0,74675600.0,90.24952266365045,9.750477336349551,1.4988550901471098
2015-10-30,5176219108.0,4639690240.0,536528868.0,89857400.0,89.63473421805543,10.365265781944561,1.7359659265799379
2015-11-02,5365900599.0,4820850176.0,545050423.0,78701400.0,89.84233097606064,10.157669023939368,1.4666950784490296
2015-11-03,5918576373.0,5353679872.0,564896501.0,74010000.0,90.45553414539,9.54446585461,1.2504696287713173
2015-11-04,6571873425.0,5973510144.0,598363281.0,75232400.0,90.89508816886564,9.10491183113436,1.1447633746841375
2015-11-05,6592856854.0,6040410112.0,552446742.0,67070700.0,91.62052575637493,8.379474243625069,1.0173237715499168
2015-11-06,6265663275.0,5745319936.0,520343339.0,67397104.0,91.69531913602555,8.304680863974454,1.0756579318412225
2015-11-09,6054272305.0,5546240000.0,508032305.0,76991800.0,91.60869747169392,8.391302528306085,1.2716937085306736
2015-11-10,6134652588.0,5631519744.0,503132844.0,74685296.0,91.79851121505757,8.20148878494242,1.2174331786300658
2015-11-11,5509000582.0,5037510144.0,471490438.0,70236200.0,91.44145238356775,8.558547616432254,1.274935425301794
2015-11-12,5102395681.0,4657240064.0,445155617.0,59448700.0,91.27555672215614,8.72444327784386,1.165113482307371
2015-11-13,5503030968.0,5020700160.0,482330808.0,67777000.0,91.23517910757285,8.76482089242715,1.2316303577814065
2015-11-16,5201895223.0,4746070016.0,455825207.0,67730704.0,91.23732433162851,8.762675668371493,1.3020389895692446
2015-11-17,5372512469.0,4905260032.0,467252437.0,69157904.0,91.30290642048577,8.697093579514222,1.2872544158631343
2015-11-18,5442811347.0,4969330176.0,473481171.0,74287696.0,91.30079767947541,8.699202320524597,1.364877289765818
2015-11-19,5445187939.0,4971879936.0,473308003.0,73976096.0,91.30777471223661,8.692225287763387,1.3585590952731301
2015-11-20,5315701436.0,4850169856.0,465531580.0,71532496.0,91.24233018718397,8.757669812816026,1.3456831024322413
2015-11-23,5289158778.0,4823699968.0,465458810.0,72484200.0,91.19975728586456,8.800242714135438,1.3704296475555722
2015-11-24,5268698504.0,4805159936.0,463538568.0,70931104.0,91.2020289707585,8.797971029241495,1.3462737324246026
2015-11-25,5218976670.0,4762229760.0,456746910.0,67010200.0,91.24834351865381,8.75165648134618,1.2839720166827264
2015-11-27,5724730344.0,5238499840.0,486230504.0,66174600.0,91.506490702927,8.493509297073015,1.1559426562223416
2015-11-30,6026139802.0,5534000128.0,492139674.0,66080400.0,91.83325163089205,8.16674836910795,1.096562678118897
2015-12-01,6112284634.0,5624580096.0,487704538.0,65980000.0,92.02091251956575,7.979087480434243,1.0794654364258784
2015-12-02,5865462526.0,5394070016.0,471392510.0,65615700.0,91.96325084491725,8.036749155082743,1.1186790420899195
2015-12-03,5824149982.0,5358040064.0,466109918.0,61530500.0,91.99694514323035,8.003054856769655,1.0564717630927245
2015-12-04,5860895074.0,5388109824.0,472785250.0,61065700.0,91.93322446434229,8.066775535657712,1.0419176461782875
2015-12-07,6339285709.0,5821139968.0,518145741.0,62950900.0,91.82643337459331,8.173566625406693,0.9930282825181306
2015-12-08,6442714517.0,5908810240.0,533904277.0,60690400.0,91.7130539372617,8.286946062738295,0.9420004539990081
2015-12-09,6774116593.0,6189620224.0,584496369.0,62098400.0,91.37162224807311,8.628377751926893,0.91670108046515
2015-12-10,6883610249.0,6244360192.0,639250057.0,59945000.0,90.71344782931506,9.286552170684931,0.8708366370496987
2015-12-11,6843844495.0,6206150144.0,637694351.0,63312400.0,90.68222033002226,9.31777966997773,0.9250999207573316
2015-12-14,7141006095.0,6480070144.0,660935951.0,72176400.0,90.74449815323958,9.255501846760431,1.0107315277399997
2015-12-15,7264745809.0,6640849920.0,623895889.0,74764096.0,91.41200662207505,8.587993377924946,1.029135746324087
2015-12-16,7569393933.0,6962089984.0,607303949.0,76791600.0,91.9768484191005,8.023151580899496,1.014501301949877
2015-12-17,7406568925.0,6807849984.0,598718941.0,74999296.0,91.91637927004102,8.08362072995898,1.0126051179629034
2015-12-18,7421138838.0,6825639936.0,595498902.0,70890600.0,91.97563992536101,8.024360074638992,0.9552523075973747
2015-12-21,7201282467.0,6636279808.0,565002659.0,68521200.0,92.15413835536748,7.845861644632526,0.9515138492900336
2015-12-22,7121209613.0,6556959744.0,564249869.0,67704600.0,92.07648841048095,7.923511589519054,0.9507457816773578
2015-12-23,7104337333.0,6547850240.0,556487093.0,65215800.0,92.16693877393617,7.833061226063827,0.9179716128775215
2015-12-24,7204590892.0,6645120000.0,559470892.0,65060000.0,92.23452239847181,7.76547760152819,0.9030353142222527
2015-12-28,6920733428.0,6356100096.0,564633332.0,64913200.0,91.84142348677095,8.158576513229054,0.9379526126143404
2015-12-29,6904841872.0,6339010048.0,565831824.0,63985600.0,91.80528917983598,8.194710820164023,0.9266772677223737
2015-12-30,7079825132.0,6508959744.0,570865388.0,66314200.0,91.93673039437438,8.06326960562562,0.9366643774895992
2015-12-31,6970465739.0,6399190016.0,571275723.0,69207400.0,91.80433927386383,8.195660726136165,0.9928662243152874
2016-01-04,7039698048.0,6468179968.0,571518080.0,73853904.0,91.88149724458182,8.118502755418183,1.049106133479434
2016-01-05,7085114123.0,6515380224.0,569733899.0,72442400.0,91.95871951941457,8.041280480585423,1.0224591833296572
2016-01-06,7065650402.0,6498829824.0,566820578.0,72229696.0,91.97780040405684,8.022199595943157,1.0222653526638494
2016-01-07,7038357193.0,6472580096.0,565777097.0,72692896.0,91.9615177024165,8.038482297583501,1.0328105551718338
2016-01-08,7463459266.0,6888600064.0,574859202.0,71724000.0,92.29768420364016,7.702315796359837,0.9610020962630654
2016-01-11,7339407852.0,6761090048.0,578317804.0,76096496.0,92.12037516293078,7.879624837069213,1.036820647312352
2016-01-12,7337074040.0,6755219968.0,581854072.0,81217296.0,92.06967152262784,7.93032847737216,1.1069439337428302
2016-01-13,7141452801.0,6553350144.0,588102657.0,86530000.0,91.76494372520884,8.235056274791166,1.2116582215299865
2016-01-14,7107940535.0,6519110144.0,588830391.0,85539296.0,91.71587904962686,8.284120950373145,1.2034329153261552
2016-01-15,7079325620.0,6489869824.0,589455796.0,90321696.0,91.67356005867688,8.326439941323112,1.2758516961676358
2016-01-19,6417616526.0,5843509760.0,574106766.0,108628000.0,91.05420581497674,8.945794185023264,1.692653332587108
2016-01-20,6296997223.0,5734759936.0,562237287.0,104124000.0,91.07134294189603,8.928657058103964,1.6535500384164612
2016-01-21,6947011775.0,6338800128.0,608211647.0,117111000.0,91.2449889722549,8.755011027745091,1.68577517633472
2016-01-22,6791662463.0,6190940160.0,600722303.0,118244000.0,91.1550035610184,8.8449964389816,1.7410170285136564
2016-01-25,6724923387.0,6083899904.0,641023483.0,164312992.0,90.46794370566114,9.532056294338867,2.4433437013964303
2016-01-26,6594172650.0,5929520128.0,664652522.0,193838000.0,89.92060782636621,10.079392173633792,2.939534802747392
2016-01-27,6623421130.0,5937780224.0,685640906.0,172060992.0,89.64823627332905,10.351763726670962,2.5977661486851584
2016-01-28,6748194856.0,5980179968.0,768014888.0,184294000.0,88.61895804153998,11.381041958460008,2.731011832536805
2016-01-29,6489936613.0,5753970176.0,735966437.0,194815008.0,88.65988250908669,11.340117490913313,3.0018013983336265
2016-02-01,6300921239.0,5596089856.0,704831383.0,177880992.0,88.81383600484646,11.186163995153535,2.823094992824112
2016-02-02,6356202360.0,5651689984.0,704512376.0,169923008.0,88.91614306628212,11.083856933717888,2.6733416964402625
2016-02-03,6403452213.0,5679529984.0,723922229.0,186608992.0,88.69481328321112,11.305186716788887,2.914193559860646
2016-02-04,6349499887.0,5613380096.0,736119791.0,194126000.0,88.40664927788823,11.593350722111762,3.057343152292271
2016-02-05,6654869804.0,5898959872.0,755909932.0,197363008.0,88.64125138037036,11.358748619629644,2.9656930009565667
2016-02-08,6552172244.0,5720099840.0,832072404.0,228504000.0,87.30081608031671,12.699183919683293,3.4874541066780904
2016-02-09,6506316761.0,5670880256.0,835436505.0,244110000.0,87.15960910468189,12.840390895318107,3.7518923373549535
2016-02-10,6606859648.0,5713880064.0,892979584.0,307684000.0,86.48405397456386,13.515946025436138,4.6570385386216095
2016-02-11,6740607676.0,5806110208.0,934497468.0,345964000.0,86.13630234960436,13.863697650395638,5.132534285177407
2016-02-12,6816699843.0,5771039744.0,1045660099.0,457617984.0,84.66031770382588,15.33968229617412,6.7131895864525015
2016-02-16,7161261897.0,6108040192.0,1053221705.0,410604992.0,85.29279168743687,14.707208312563127,5.733696070688476
2016-02-17,7179322974.0,6204149760.0,975173214.0,330635008.0,86.4169195684384,13.583080431561594,4.6053786575335645
2016-02-18,7254844641.0,6341429760.0,913414881.0,291068000.0,87.40958730063039,12.590412699369615,4.01205007692459
2016-02-19,7392144397.0,6436980224.0,955164173.0,338222016.0,87.0786591589358,12.921340841064202,4.575424908329208
2016-02-22,7683799466.0,6689200128.0,994599338.0,360184992.0,87.05589152344491,12.94410847655508,4.687589695615828
2016-02-23,7752492977.0,6679399936.0,1073093041.0,439084000.0,86.15809076920625,13.841909230793748,5.6637781072832825
2016-02-24,7470220565.0,6417189888.0,1053030677.0,432976992.0,85.90362000911014,14.096379990889869,5.796040267252804
2016-02-25,7585551642.0,6480650240.0,1104901402.0,478148992.0,85.43413249100651,14.565867508993488,6.303417530671925
2016-02-26,7565612763.0,6476080128.0,1089532635.0,466796992.0,85.59888446407919,14.401115535920802,6.169982612418304
2016-02-29,7736617564.0,6614980096.0,1121637468.0,499587008.0,85.50222421204843,14.497775787951564,6.457434452035944
2016-03-01,7793752430.0,6684800000.0,1108952430.0,489188000.0,85.77126435616073,14.22873564383928,6.27666845198982
2016-03-02,7854021708.0,6643809792.0,1210211916.0,591078016.0,84.59118193208845,15.40881806791156,7.525800640427768
2016-03-03,7742936609.0,6474149888.0,1268786721.0,653958976.0,83.61362380875977,16.386376191240235,8.445877953331957
2016-03-04,7783947973.0,6443890176.0,1340057797.0,716027008.0,82.78434283414757,17.215657165852434,9.198764052427718
2016-03-07,7744219782.0,6233430016.0,1510789766.0,886446976.0,80.49138830600404,19.508611693995952,11.446562739094535
2016-03-08,7720439430.0,6337370112.0,1383069318.0,743456000.0,82.08561403091016,17.914385969089842,9.629710934731081
2016-03-09,7744567659.0,6330229760.0,1414337899.0,760017024.0,81.73767779849672,18.26232220150328,9.813550058107898
2016-03-10,7926456767.0,6344960000.0,1581496767.0,922451968.0,80.04787241653544,19.952127583464556,11.637633246678629
2016-03-11,7931863906.0,6384739840.0,1547124066.0,871510976.0,80.49482335634013,19.505176643659876,10.987467590571642
2016-03-14,8171951139.0,6342779904.0,1829171235.0,1128179968.0,77.61646877365158,22.383531226348417,13.805515339119554
2016-03-15,8073946530.0,6377869824.0,1696076706.0,1011089984.0,78.99321354559429,21.006786454405713,12.52287193435253
2016-03-16,8081468781.0,6387189760.0,1694279021.0,1013020032.0,79.03501124717145,20.964988752828543,12.53509800571981
2016-03-17,8064850231.0,6404129792.0,1660720439.0,977388992.0,79.40791965836569,20.592080341634304,12.119121422033013
2016-03-18,8002823930.0,6446329856.0,1556494074.0,867948992.0,80.550689511421,19.449310488579,10.845534021388872
2016-03-21,7815687462.0,6341380096.0,1474307366.0,805996992.0,81.13656190619051,18.86343809380949,10.31255402571777
2016-03-22,7942054657.0,6338429952.0,1603624705.0,929609984.0,79.80844033116051,20.191559668839485,11.704905394735059
2016-03-23,7990143474.0,6417129984.0,1573013490.0,887595008.0,80.31307578995796,19.68692421004204,11.10862415535143
2016-03-24,8105415206.0,6422730240.0,1682684966.0,975294976.0,79.23999050962375,20.760009490376255,12.032634371130573
2016-03-28,8080855242.0,6553699840.0,1527155402.0,819006976.0,81.10156219526547,18.89843780473453,10.1351521772502
2016-03-29,8136239698.0,6521010176.0,1615229522.0,923113984.0,80.147714645169,19.852285354831,11.345707824056783
2016-03-30,8014118365.0,6407839744.0,1606278621.0,911902016.0,79.9568892316953,20.043110768304707,11.378694130380492
2016-03-31,7999954096.0,6385140224.0,1614813872.0,936992000.0,79.81471077681044,20.185289223189564,11.712467206136829
2016-04-01,7985763156.0,6409540096.0,1576223060.0,896537024.0,80.26208604977565,19.737913950224346,11.226691882621118
2016-04-04,8093810107.0,6483910144.0,1609899963.0,914560000.0,80.10949180031214,19.89050819968786,11.299499097576247
2016-04-05,8057539467.0,6481350144.0,1576189323.0,883169984.0,80.43832947445865,19.56167052554134,10.960790047843522
2016-04-06,8045609666.0,6533259776.0,1512349890.0,823420032.0,81.20279316568077,18.797206834319223,10.234401943207569
2016-04-07,8057786693.0,6524680192.0,1533106501.0,843091008.0,80.97360280917032,19.026397190829684,10.463059399827674
2016-04-08,7971468745.0,6515189760.0,1456278985.0,794705024.0,81.73135928164515,18.268640718354845,9.969367621223736
2016-04-11,7819319347.0,6504289792.0,1315029555.0,706073984.0,83.18230146841962,16.817698531580387,9.029865038967822
2016-04-12,7814504048.0,6520869888.0,1293634160.0,682395008.0,83.44572922281503,16.55427077718496,8.732416079234719
2016-04-13,7758067221.0,6565470208.0,1192597013.0,587993984.0,84.62765300909217,15.372346990907829,7.57912979161076
2016-04-14,7778333589.0,6541029888.0,1237303701.0,638329984.0,84.09294629958046,15.907053700419532,8.206513345001254
2016-04-15,7835849043.0,6550349824.0,1285499219.0,663169024.0,83.59464032620211,16.405359673797893,8.463269523963442
2016-04-18,7975417768.0,6604149760.0,1371268008.0,738915968.0,82.80631751352288,17.193682486477115,9.264918647456613
2016-04-19,7998624558.0,6622450176.0,1376174382.0,718825024.0,82.79486214134668,17.205137858653323,8.98685791272765
2016-04-20,8080746859.0,6726369792.0,1354377067.0,688433984.0,83.23945681466867,16.76054318533133,8.519435096933533
2016-04-21,8167063265.0,6822320128.0,1344743137.0,670104000.0,83.5345571184332,16.465442881566805,8.20495664422896
2016-04-22,8277413200.0,6951860224.0,1325552976.0,646297984.0,83.9859030355039,16.014096964496105,7.8079705384286004
2016-04-25,8427612248.0,7102490112.0,1325122136.0,635784000.0,84.27642258559686,15.723577414403131,7.544058522043194
2016-04-26,8430619705.0,7143059968.0,1287559737.0,597819008.0,84.7275789674586,15.272421032541402,7.0910446552991555
2016-04-27,8488535543.0,7216189952.0,1272345591.0,587075968.0,85.01101179874037,14.988988201259628,6.916104256453604
2016-04-28,8172412070.0,6889169920.0,1283242150.0,615315968.0,84.29787755428245,15.702122445717547,7.529184318284137
2016-04-29,8195591930.0,6958329856.0,1237262074.0,573123968.0,84.90332260845007,15.096677391549923,6.993075947352591
2016-05-02,8377045491.0,7002610176.0,1374435315.0,708137024.0,83.59283930740685,16.407160692593166,8.453302835239432
2016-05-03,8362925186.0,6892689920.0,1470235266.0,809644032.0,82.41960518239175,17.580394817608262,9.681349695144815
2016-05-04,8386405531.0,6978950144.0,1407455387.0,747638016.0,83.21741797725618,16.782582022743828,8.914880317155987
2016-05-05,8327392498.0,6926989824.0,1400402674.0,749038016.0,83.18317919641308,16.816820803586914,8.99486863600938
2016-05-06,8376021664.0,6947800064.0,1428221600.0,782260992.0,82.94868784618272,17.051312153817275,9.33929045769001
2016-05-09,8529851130.0,7112509952.0,1417341178.0,758000000.0,83.38375246649821,16.616247533501795,8.886438795327486
2016-05-10,8554047508.0,7150369792.0,1403677716.0,741417024.0,83.59048491737695,16.409515082623034,8.667441036615763
2016-05-11,8396535181.0,7002229760.0,1394305421.0,753600000.0,83.39427643732039,16.605723562679607,8.975130619416385
2016-05-12,8470027371.0,7028329984.0,1441697387.0,798952000.0,82.97883437855069,17.021165621449324,9.432696790750429
2016-05-13,8515943279.0,7067270144.0,1448673135.0,804646976.0,82.98869441072519,17.011305589274816,9.448712252278964
2016-05-16,8569331083.0,7114740224.0,1454590859.0,798115968.0,83.02561956223579,16.97438043776421,9.313632070807925
2016-05-17,8611014993.0,7060729856.0,1550285137.0,896505024.0,81.99648777455101,18.003512225448983,10.411142295406291
2016-05-18,8681662108.0,7057390080.0,1624272028.0,975878016.0,81.29077119341858,18.709228806581425,11.240681840182946
2016-05-19,8810802590.0,7072090112.0,1738712478.0,1085570048.0,80.2661283096572,19.733871690342795,12.320898543704633
2016-05-20,8650604430.0,6813080064.0,1837524366.0,1191079936.0,78.7584280281326,21.241571971867405,13.7687481335914
2016-05-23,8651557200.0,6842469888.0,1809087312.0,1146470016.0,79.08946019567436,20.91053980432563,13.251603029336732
2016-05-24,8654459956.0,6921460224.0,1732999732.0,1068670016.0,79.97564561150303,20.02435438849698,12.348199904248307
2016-05-25,8641500530.0,6950689792.0,1690810738.0,1027939968.0,80.43382937800966,19.566170621990345,11.895387432210224
2016-05-26,8697651354.0,7008500224.0,1689151130.0,1006080000.0,80.57922695161643,19.420773048383563,11.567260620734235
2016-05-27,8772810772.0,7070009856.0,1702800916.0,996292992.0,80.59001886334087,19.409981136659127,11.356599588125711
2016-05-31,10084821678.0,8335099904.0,1749721774.0,1026409984.0,82.64994830977516,17.350051690224838,10.177770284616033
2016-06-01,10141444138.0,8288679936.0,1852764202.0,1136899968.0,81.73076559128604,18.269234408713952,11.210434653384668
2016-06-02,10235802733.0,8375000064.0,1860802669.0,1127830016.0,81.82064741243191,18.179352587568083,11.018481358222166
2016-06-03,10231119659.0,8395069952.0,1836049707.0,1108220032.0,82.05426416467641,17.945735835323593,10.831854859845501
2016-06-06,10858437777.0,8977699840.0,1880737937.0,1130349952.0,82.67947953817335,17.320520461826654,10.40987640408339
2016-06-07,11034149480.0,9149580288.0,1884569192.0,1126329984.0,82.92057584124734,17.07942415875265,10.207673786199242
2016-06-08,10943976489.0,9022249984.0,1921726505.0,1172230016.0,82.44032681419259,17.55967318580741,10.71118909272357
2016-06-09,11029111700.0,9103080448.0,1926031252.0,1166450048.0,82.53684154817292,17.463158451827084,10.576101500540611
2016-06-10,10930917277.0,9005920256.0,1924997021.0,1162499968.0,82.38942833232824,17.610571667671763,10.634971782707051
2016-06-13,12589084259.0,10511899648.0,2077184611.0,1276930048.0,83.50011352481805,16.499886475181942,10.143152764166434
2016-06-14,13258744418.0,11028899840.0,2229844578.0,1426499968.0,83.18208340321596,16.817916596784045,10.758937068455678
2016-06-15,13127600422.0,10736600064.0,2391000358.0,1531789952.0,81.78646301579212,18.21353698420788,11.668468743403682
2016-06-16,13252800088.0,10908900352.0,2343899736.0,1488419968.0,82.31392822319617,17.68607177680382,11.230984834274519
2016-06-17,14600000587.0,12038899712.0,2561100875.0,1674540032.0,82.45821389020743,17.54178610979257,11.469451812837793
2016-06-20,13875782886.0,11976699904.0,1899082982.0,993502976.0,86.31368768449033,13.686312315509664,7.159977812872792
2016-06-21,13406248564.0,11539999744.0,1866248820.0,960014016.0,86.07926139000983,13.920738609990165,7.1609444761298855
2016-06-22,12344730004.0,10445299712.0,1899430292.0,1072510016.0,84.61343187429343,15.386568125706576,8.687998973266163
2016-06-23,11219701626.0,9373190144.0,1846511482.0,1074240000.0,83.54224075156345,16.457759248436542,9.57458616823292
2016-06-24,11717302194.0,9816729600.0,1900572594.0,1112589952.0,83.7797765856614,16.220223414338612,9.495274027921857
2016-06-27,11815494166.0,9882840064.0,1932654102.0,1124169984.0,83.64305313982244,16.356946860177562,9.514371284062635
2016-06-28,12339003603.0,10336799744.0,2002203859.0,1134339968.0,83.77337487353354,16.226625126466462,9.193124538226135
2016-06-29,12004803861.0,10119600128.0,1885203733.0,991926016.0,84.29625544216961,15.70374455783039,8.262742377844836
2016-06-30,11972168887.0,10066400256.0,1905768631.0,1027260032.0,84.0816760188759,15.918323981124106,8.580400441188663
2016-07-01,12489044468.0,10570600448.0,1918444020.0,1014220032.0,84.63898479250734,15.361015207492654,8.120877738874906
2016-07-05,12627692789.0,10749100032.0,1878592757.0,935729984.0,85.12323043971702,14.876769560282973,7.410142134714551
2016-07-06,12327468185.0,10550299648.0,1777168537.0,864062976.0,85.58366965276414,14.416330347235853,7.009249288117307
2016-07-07,12454244191.0,10673399808.0,1780844383.0,861144000.0,85.70090359809294,14.299096401907061,6.914462144738591
2016-07-08,11784718134.0,10086899712.0,1697818422.0,827089984.0,85.59305023086095,14.406949769139043,7.018326400304551
2016-07-11,12021970097.0,10215199744.0,1806770353.0,895670016.0,84.97109593168204,15.028904068317948,7.450276525172095
2016-07-12,12024999386.0,10213099520.0,1811899866.0,855555008.0,84.93222487720466,15.067775122795338,7.114802924614469
2016-07-13,12435923396.0,10474500096.0,1961423300.0,860769984.0,84.22776308970438,15.772236910295614,6.921641092424754
2016-07-14,12375271263.0,10288400384.0,2086870879.0,868508992.0,83.13676658353828,16.863233416461718,7.0181006423406425
2016-07-15,12530606370.0,10387900416.0,2142705954.0,942817024.0,82.90022134020639,17.09977865979362,7.5241133282842085
2016-07-18,12812426658.0,10716800000.0,2095626658.0,917150976.0,83.64379587147526,16.356204128524737,7.158292495882009
2016-07-19,12623282227.0,10606499840.0,2016782387.0,907134976.0,84.02331223581221,15.976687764187783,7.186205296588589
2016-07-20,12819934256.0,10608600064.0,2211334192.0,952142976.0,82.75081488062196,17.24918511937804,7.427050380967258
2016-07-21,12749262606.0,10490300416.0,2258962190.0,1024000000.0,82.28162475109033,17.71837524890967,8.031837068899105
2016-07-22,12731221857.0,10486599680.0,2244622177.0,1040640000.0,82.36915354855873,17.630846451441272,8.173920867051935
2016-07-25,12772246024.0,10431899648.0,2340346376.0,1048920000.0,81.67631306504498,18.32368693495502,8.212494482403496
2016-07-26,12705809120.0,10321899520.0,2383909600.0,1137660032.0,81.23764037783687,18.762359622163128,8.953857414788551
2016-07-27,12590494555.0,10281900032.0,2308594523.0,992644992.0,81.66398855171897,18.33601144828103,7.8840826121941
2016-07-28,12642535714.0,10328099840.0,2314435874.0,1069560000.0,81.69326212432956,18.306737875670436,8.460011695403782
2016-07-29,12656682909.0,10338899968.0,2317782941.0,1058220032.0,81.68727969512568,18.312720304874315,8.360958709390703
2016-08-01,12068009732.0,9860620288.0,2207389444.0,981734976.0,81.70875319940453,18.29124680059547,8.13501975720813
2016-08-02,11718298221.0,9574320128.0,2143978093.0,903977984.0,81.70401492976308,18.29598507023693,7.714242861476328
2016-08-03,10594327572.0,8663669760.0,1930657812.0,733203968.0,81.77649502642733,18.223504973572663,6.920722084691833
2016-08-04,10996852412.0,8943869952.0,2052982460.0,851992000.0,81.33118111360899,18.668818886390998,7.747598749895817
2016-08-05,11254950928.0,9133689856.0,2121261072.0,910856000.0,81.1526404195798,18.847359580420196,8.092936218264425
2016-08-08,11494217387.0,9365440512.0,2128776875.0,903184000.0,81.47958400884558,18.520415991154422,7.857725059398166
2016-08-09,11495142466.0,9339660288.0,2155482178.0,933430976.0,81.24875629531846,18.751243704681546,8.120221030412413
2016-08-10,11496628125.0,9286960128.0,2209667997.0,1012910016.0,80.7798602079251,19.220139792074907,8.810496477635699
2016-08-11,11527994303.0,9358770176.0,2169224127.0,1005720000.0,81.18298751730396,18.817012482696054,8.724154207278497
2016-08-12,11440820317.0,9307249664.0,2133570653.0,968865024.0,81.35124410764749,18.648755892352504,8.468492618141694
2016-08-15,11142020113.0,9021179904.0,2120840209.0,929558016.0,80.96538879403475,19.03461120596525,8.342814019115206
2016-08-16,11077950347.0,8970770432.0,2107179915.0,932161984.0,80.97861202663142,19.021387973368572,8.414570880004323
2016-08-17,11242380176.0,9138029568.0,2104350608.0,924590976.0,81.2819832183551,18.718016781644906,8.224156820223866
2016-08-18,11149901757.0,9074759680.0,2075142077.0,892902976.0,81.38869631118311,18.61130368881689,8.008168999690318
2016-08-19,11168117290.0,9085819904.0,2082297386.0,893155968.0,81.354982832563,18.645017167437,7.9973727424920344
2016-08-22,11317473551.0,9199410176.0,2118063375.0,930707968.0,81.28501590522515,18.71498409477485,8.223637226152507
2016-08-23,11406685820.0,9286930432.0,2119755388.0,927065024.0,81.41655322632529,18.583446773674705,8.127382822927615
2016-08-24,11325930594.0,9234799616.0,2091130978.0,918038976.0,81.53678445541779,18.463215544582205,8.105638370116255
2016-08-25,11249854287.0,9184700416.0,2065153871.0,918977024.0,81.64283893537687,18.357161064623128,8.168790462130188
2016-08-26,11206286135.0,9147169792.0,2059116343.0,946092032.0,81.62534564802098,18.37465435197903,8.44251182419054
2016-08-29,11146327891.0,9091829760.0,2054498131.0,910697984.0,81.56793743113474,18.432062568865266,8.170385735156191
2016-08-30,11195414924.0,9093529600.0,2101885324.0,917473984.0,81.22548080380554,18.774519196194465,8.195086919317115
2016-08-31,11258652331.0,9149729792.0,2108922539.0,938406016.0,81.26842825412405,18.73157174587595,8.334976411130107
2016-09-01,11253584688.0,9118279680.0,2135305008.0,974844032.0,81.02555703626656,18.97444296373344,8.662520068289906
2016-09-02,11223191702.0,9069549568.0,2153642134.0,999756992.0,80.81078724142068,19.189212758579323,8.907956119308208
2016-09-06,11842444890.0,9614140416.0,2228304474.0,981302976.0,81.18374630662942,18.816253693370573,8.286320815633536
2016-09-07,11883802938.0,9679609856.0,2204193082.0,979086976.0,81.45212358788105,18.547876412118942,8.238835506681472
2016-09-08,11934145466.0,9745120256.0,2189025210.0,967009984.0,81.6574616403289,18.342538359671106,8.102884171765634
2016-09-09,12109543450.0,9931979776.0,2177563674.0,956209984.0,82.01778883744787,17.98221116255213,7.896333895230377
2016-09-12,11784324041.0,9628560384.0,2155763657.0,976644992.0,81.7065140987326,18.293485901267402,8.28766239456806
2016-09-13,11837667017.0,9645930496.0,2191736521.0,997638016.0,81.48506358683294,18.51493641316706,8.427657363290404
2016-09-14,11858659159.0,9660080128.0,2198579031.0,999352000.0,81.46013810227936,18.53986189772064,8.427192202767314
2016-09-15,11884002523.0,9688939520.0,2195063003.0,1002969984.0,81.5292617217833,18.470738278216707,8.43966485246765
2016-09-16,11882984501.0,9637019648.0,2245964853.0,1004739968.0,81.09932018500072,18.90067981499928,8.455282996585977
2016-09-19,11930742664.0,9681959936.0,2248782728.0,1045870016.0,81.15136005082475,18.848639949175254,8.766176971998766
2016-09-20,11974614844.0,9673140224.0,2301474620.0,1111810048.0,80.78038709401015,19.219612905989848,9.284724915867198
2016-09-21,11991950450.0,9584260096.0,2407690354.0,1214950016.0,79.92244577695033,20.077554223049678,10.131379553857313
2016-09-22,11806910664.0,9485280256.0,2321630408.0,1150649984.0,80.33668184617679,19.663318153823205,9.745563566500108
2016-09-23,11759591257.0,9469129728.0,2290461529.0,1112589952.0,80.52260934123385,19.477390658766158,9.461127752528993
2016-09-26,11889909360.0,9545830400.0,2344078960.0,1110700032.0,80.28514020564408,19.71485979435591,9.341534896276114
2016-09-27,11958601651.0,9661589504.0,2297012147.0,1085330048.0,80.79196703731728,19.20803296268272,9.075727076411502
2016-09-28,11958298219.0,9634530304.0,2323767915.0,1106329984.0,80.56773737831801,19.43226262168199,9.25156710209988
2016-09-29,11983454249.0,9616159744.0,2367294505.0,1121059968.0,80.24530777344482,19.754692226555186,9.355065281728352
2016-09-30,11970581980.0,9628250112.0,2342331868.0,1104530048.0,80.43259824866092,19.567401751339077,9.227037163651755
2016-10-03,12007342591.0,9714979840.0,2292362751.0,1116600064.0,80.908658734213,19.091341265786994,9.29931044723366
2016-10-04,12041119358.0,9733329920.0,2307789438.0,1137980032.0,80.8340954907425,19.1659045092575,9.450782756703905
2016-10-05,11983075605.0,9705320448.0,2277755157.0,1124269952.0,80.99189864036579,19.008101359634207,9.382148532309124
2016-10-06,11978611458.0,9742369792.0,2236241666.0,1102940032.0,81.33137823327169,18.668621766728315,9.207578322973268
2016-10-07,11968893087.0,9745739776.0,2223153311.0,1088569984.0,81.42557298456717,18.574427015432825,9.094992962902719
2016-10-10,11965931479.0,9816269824.0,2149661655.0,1022860032.0,82.03514988555118,17.96485011444883,8.54810203280122
2016-10-11,11982147492.0,9855649792.0,2126497700.0,997948992.0,82.2527831390844,17.7472168609156,8.328632181053443
2016-10-12,12338129883.0,10200999936.0,2137129947.0,1000220032.0,82.67865578279712,17.32134421720287,8.106739363946442
2016-10-13,12255590200.0,10125100032.0,2130490168.0,1011190016.0,82.61617651021001,17.38382348978999,8.250847160343204
2016-10-14,12289777948.0,10141599744.0,2148178204.0,1018390016.0,82.5206101111893,17.479389888810708,8.28648019768111
2016-10-17,12364567538.0,10221299712.0,2143267826.0,1016710016.0,82.66605104130736,17.333948958692645,8.222770532615453
2016-10-18,12342732421.0,10183999488.0,2158732933.0,1020529984.0,82.51008885741443,17.489911142585566,8.268266289753345
2016-10-19,12373809032.0,10164799488.0,2209009544.0,1071710016.0,82.14769972376926,17.852300276230736,8.661116502028136
2016-10-20,12211769477.0,10046699520.0,2165069957.0,1025619968.0,82.27062866624075,17.72937133375925,8.398618807304564
2016-10-21,12239504464.0,10050299904.0,2189204560.0,1033139968.0,82.11361770046248,17.886382299537516,8.441027747804416
2016-10-24,12672478302.0,10473499648.0,2198978654.0,1026400000.0,82.64760371573924,17.352396284260767,8.099441763005514
2016-10-25,12601801777.0,10424299520.0,2177502257.0,1020849984.0,82.72070696291829,17.279293037081707,8.100825596726889
2016-10-26,12601843959.0,10483999744.0,2117844215.0,971440000.0,83.19417204426281,16.805827955737186,7.7087131308765
2016-10-27,12935794459.0,10812499968.0,2123294491.0,984361024.0,83.58589804646493,16.414101953535067,7.609590791813617
2016-10-28,13074712753.0,10969799680.0,2104913073.0,979916032.0,83.90088476309336,16.09911523690665,7.494742335927477
2016-10-31,13251040516.0,11207199744.0,2043840772.0,960008000.0,84.57599786573621,15.424002134263793,7.244774467641511
2016-11-01,13198086843.0,11187699712.0,2010387131.0,937123008.0,84.76758673499509,15.232413265004913,7.100445838459013
2016-11-02,13631391101.0,11647200256.0,1984190845.0,921691008.0,85.44395923865437,14.556040761345624,6.7615330025442875
2016-11-03,13835540770.0,11844299776.0,1991240994.0,924097024.0,85.60778341011675,14.392216589883244,6.679153633110937
2016-11-04,12966479044.0,10996400128.0,1970078916.0,926129024.0,84.80636949078618,15.193630509213815,7.142486567535457
2016-11-07,13375782011.0,11344799744.0,2030982267.0,934536000.0,84.81597363556197,15.184026364438036,6.986776543094486
2016-11-08,13248500417.0,11224000512.0,2024499905.0,930345024.0,84.7190259932948,15.2809740067052,7.022266631823588
2016-11-09,13358464015.0,11333000192.0,2025463823.0,928062976.0,84.83759943713858,15.16240056286142,6.947377894328969
2016-11-10,13544167077.0,11542099968.0,2002067109.0,915939968.0,85.2182338152059,14.78176618479409,6.762615691262415
2016-11-11,13418963791.0,11427200000.0,1991763791.0,902478976.0,85.15709691134377,14.842903088656229,6.725399889708965
2016-11-14,13189638698.0,11214600192.0,1975038506.0,867755008.0,85.02583314659344,14.974166853406556,6.5790657945132445
2016-11-15,13250975747.0,11283399680.0,1967576067.0,857222976.0,85.15146277099286,14.848537229007125,6.469130970933019
2016-11-16,13344146382.0,11370699776.0,1973446606.0,878609984.0,85.21114390155377,14.788856098446237,6.584235205821501
2016-11-17,13855733671.0,11911300096.0,1944433575.0,865393024.0,85.96657801622088,14.033421983779123,6.245739450169026
2016-11-18,13771504842.0,11845999616.0,1925505226.0,859571008.0,86.01819301455248,13.981806985447523,6.241663622544003
2016-11-21,13569136167.0,11698899968.0,1870236199.0,825380992.0,86.21698407339743,13.783015926602573,6.08278214502201
2016-11-22,13714121058.0,11834200064.0,1879920994.0,829616000.0,86.29207817220363,13.707921827796365,6.04935596303528
2016-11-23,13936786648.0,12028999680.0,1907786968.0,855265024.0,86.31114175609643,13.68885824390357,6.136744757606912
2016-11-25,13680950624.0,11851100160.0,1829850464.0,796268032.0,86.62482955833522,13.375170441664771,5.820268297753635
2016-11-28,13553720673.0,11727800320.0,1825920353.0,777310976.0,86.52827222094545,13.471727779054548,5.735037594130593
2016-11-29,13593199566.0,11790900224.0,1802299342.0,754307008.0,86.74116911732833,13.258830882671674,5.549149810812098
2016-11-30,13526314417.0,11791599616.0,1734714801.0,705040000.0,87.17525892478298,12.824741075217016,5.212358505535692
2016-12-01,13732632995.0,11949200384.0,1783432611.0,743881984.0,87.01317794155469,12.986822058445318,5.416892625549992
2016-12-02,13898965307.0,12134800384.0,1764164923.0,731520000.0,87.30722119213071,12.692778807869285,5.263125591309889
2016-12-05,14061624478.0,12393100288.0,1668524190.0,641820032.0,88.13420033645134,11.86579966354866,4.56433773355386
2016-12-06,13756121950.0,12159399936.0,1596722014.0,589548032.0,88.3926442364812,11.607355763518802,4.285713910816267
2016-12-07,13941907747.0,12248899584.0,1693008163.0,684257984.0,87.85669656030898,12.14330343969102,4.907922189825404
2016-12-08,14078801722.0,12312500224.0,1766301498.0,726878016.0,87.45417733073178,12.545822669268217,5.162925299701866
2016-12-09,14103981868.0,12344000512.0,1759981356.0,708467968.0,87.52138670857798,12.478613291422022,5.023176962581161
2016-12-12,14105515602.0,12349800448.0,1755715154.0,711347968.0,87.55298846536982,12.447011534630184,5.043048322878314
2016-12-13,14309469173.0,12521499648.0,1787969525.0,740099008.0,87.50499055287352,12.49500944712647,5.172092682490732
2016-12-14,14296149516.0,12512900096.0,1783249420.0,734382016.0,87.52636562730252,12.473634372697477,5.136921764689804
2016-12-15,14281485886.0,12511699968.0,1769785918.0,715860992.0,87.60783064082356,12.39216935917644,5.012510586883341
2016-12-16,14245899213.0,12498799616.0,1747099597.0,683398976.0,87.73612271940198,12.263877280598026,4.797162788968554
2016-12-19,14449164919.0,12691099648.0,1758065271.0,685054016.0,87.83275517405006,12.16724482594993,4.741132237332172
2016-12-20,14464530407.0,12717599744.0,1746930663.0,664771968.0,87.92265898826147,12.077341011738522,4.59587659809743
2016-12-21,14595072489.0,12853699584.0,1741372905.0,667625024.0,88.06876151994149,11.9312384800585,4.574317972748508
2016-12-22,15154246920.0,13393800192.0,1760446728.0,688380032.0,88.38314607585924,11.61685392414076,4.5424892152938465
2016-12-23,15622557170.0,13888600064.0,1733957106.0,660545984.0,88.9009392820164,11.099060717983598,4.228155332140161
2016-12-27,16363610366.0,14593300480.0,1770309886.0,635260032.0,89.1814223976005,10.818577602399507,3.8821508077455285
2016-12-28,16806923558.0,15020499968.0,1786423590.0,624358976.0,89.37090667524532,10.629093324754683,3.71489150792745
2016-12-29,17529214856.0,15669999616.0,1859215240.0,658673984.0,89.39361942178706,10.606380578212931,3.7575783593898118
2016-12-30,17605666286.0,15630199808.0,1975466478.0,724528000.0,88.77937110752299,11.22062889247701,4.115311447066014
2017-01-03,18458588267.0,16426600448.0,2031987819.0,732988032.0,88.99164015358228,11.008359846417717,3.9709864123814143
2017-01-04,18971554460.0,16795400192.0,2176154268.0,850115008.0,88.52938343777656,11.47061656222344,4.480998169087299
2017-01-05,21057274828.0,18603999232.0,2453275596.0,988598976.0,88.34951048490917,11.650489515090827,4.694809675397566
2017-01-06,18539291139.0,16314099712.0,2225191427.0,901249024.0,87.99742983528104,12.00257016471896,4.861291714137312
2017-01-09,16831714354.0,14694899712.0,2136814642.0,904681984.0,87.30483064850615,12.695169351493856,5.374865358174317
2017-01-10,16670144046.0,14522600448.0,2147543598.0,909897024.0,87.1174262677394,12.882573732260596,5.458243321048744
2017-01-11,16815847754.0,14615700480.0,2200147274.0,925320000.0,86.91622744100637,13.083772558993639,5.502666374818322
2017-01-12,14457951986.0,12477599744.0,1980352242.0,853638016.0,86.30267797321761,13.697322026782391,5.9042803353241124
2017-01-13,14969957312.0,12939100160.0,2030857152.0,863241024.0,86.43378127490013,13.566218725099862,5.766489549759913
2017-01-17,15431186314.0,13383900160.0,2047286154.0,847980992.0,86.73280127437388,13.26719872562612,5.495241744509729
2017-01-18,16802276550.0,14648899584.0,2153376966.0,906078976.0,87.18401664445882,12.815983355541189,5.392596493122237
2017-01-19,16444323015.0,14311700480.0,2132622535.0,901484032.0,87.03125368520985,12.968746314790144,5.482037972482627
2017-01-20,16647893640.0,14472099840.0,2175793800.0,914696000.0,86.93051597367125,13.069484026328752,5.49436475135962
2017-01-23,17126476166.0,14918800384.0,2207675782.0,944158976.0,87.10957373483083,12.890426265169157,5.512861880334572
2017-01-24,16902463426.0,14681400320.0,2221063106.0,946083008.0,86.85953017603649,13.140469823963516,5.597308416858929
2017-01-25,16562590963.0,14380699648.0,2181891315.0,936769024.0,86.82638893954312,13.173611060456883,5.6559328555097155
2017-01-26,16727205419.0,14551199744.0,2176005675.0,932574976.0,86.99121807562469,13.008781924375315,5.575198920799479
2017-01-27,17033501608.0,14810399744.0,2223101864.0,934403968.0,86.9486502824769,13.051349717523095,5.485683387384924
2017-01-30,17087545087.0,14844900352.0,2242644735.0,927414976.0,86.87555922409138,13.12444077590863,5.42743250290275
2017-01-31,17127803551.0,14859700224.0,2268103327.0,933974976.0,86.75776890920974,13.242231090790261,5.4529757608381155
2017-02-01,17963461061.0,15667900416.0,2295560645.0,949969024.0,87.22094457629976,12.779055423700234,5.288340708809467
2017-02-02,18298537274.0,15977799680.0,2320737594.0,949793024.0,87.3173600750182,12.682639924981798,5.190540696110943
2017-02-03,18663457373.0,16326099968.0,2337357405.0,956944000.0,87.47628931614031,12.52371068385969,5.127367244315564
2017-02-06,19014305924.0,16605400064.0,2408905860.0,1005929984.0,87.33108707923195,12.668912920768047,5.290384976557612
2017-02-07,19230957889.0,16796600320.0,2434357569.0,1012620032.0,87.34146482431622,12.65853517568378,5.265572509933127
2017-02-08,19607294006.0,17156700160.0,2450593846.0,1023169984.0,87.5016213596323,12.498378640367697,5.2183130608787796
2017-02-09,19625120846.0,17197099008.0,2428021838.0,1014280000.0,87.6279903851146,12.372009614885405,5.1682739075042745
2017-02-10,18401733136.0,16083600384.0,2318132752.0,979961024.0,87.40263900760004,12.59736099239995,5.325373521925854
2017-02-13,18488676070.0,16141500416.0,2347175654.0,1011080000.0,87.30479324147736,12.695206758522652,5.468644678353111
2017-02-14,18350158989.0,16028000256.0,2322158733.0,1002809984.0,87.34529365989681,12.654706340103198,5.464857196066444
2017-02-15,18773496677.0,16264099840.0,2509396837.0,1159000064.0,86.63330076344093,13.366699236559063,6.173597193643352
2017-02-16,18808163518.0,16289099776.0,2519063742.0,1148860032.0,86.60654061419034,13.393459385809663,6.108305209599571
2017-02-17,19086757435.0,16589599744.0,2497157691.0,1147260032.0,86.91680501780317,13.083194982196828,6.010764457540768
2017-02-21,19884628112.0,17456900096.0,2427728016.0,1099330048.0,87.79093075150392,12.209069248496087,5.528542157328931
2017-02-22,20478120178.0,18033399808.0,2444720370.0,1130460032.0,88.06179303202642,11.938206967973581,5.520331076162317
2017-02-23,20523265709.0,18075199488.0,2448066221.0,1122909952.0,88.07175107650409,11.928248923495921,5.471399961009003
2017-02-24,21516805733.0,18974400512.0,2542405221.0,1171110016.0,88.18409548076761,11.815904519232385,5.4427689245894255
2017-02-27,21493336078.0,18837299200.0,2656036878.0,1294770048.0,87.64250989999339,12.357490100006615,6.024053424285734
2017-02-28,21857182112.0,19113598976.0,2743583136.0,1379600000.0,87.44768139853801,12.552318601461995,6.311884088857794
2017-03-01,21914381283.0,19104800768.0,2809580515.0,1415510016.0,87.17928433060749,12.820715669392508,6.459274381148404
2017-03-02,22869749001.0,19829800960.0,3039948041.0,1550749952.0,86.70755835200869,13.292441647991307,6.780791306158157
2017-03-03,23501972874.0,20253700096.0,3248272778.0,1702140032.0,86.17872297183385,13.821277028166143,7.242541045918152
2017-03-06,23862100789.0,20531900416.0,3330200373.0,1725360000.0,86.04397658677578,13.956023413224214,7.2305452703282524
2017-03-07,24034586453.0,20627099648.0,3407486805.0,1752530048.0,85.82256943898996,14.177430561010034,7.291700447715625
2017-03-08,23129853605.0,19819800576.0,3310053029.0,1690759936.0,85.6892607902868,14.310739209713214,7.309860083310285
2017-03-09,21652502226.0,18640900096.0,3011602130.0,1490499968.0,86.09120507844256,13.90879492155744,6.8837308152322
2017-03-10,22472617424.0,19275300864.0,3197316560.0,1589639936.0,85.77238912728798,14.22761087271202,7.073675068674101
2017-03-13,23806238578.0,19807700992.0,3998537586.0,2108300032.0,83.20382460715504,16.79617539284496,8.856082094163074
2017-03-14,24528945529.0,19978199040.0,4550746489.0,2563699968.0,81.44744345565219,18.552556544347816,10.451733300027094
2017-03-15,24768799932.0,20110399488.0,4658400444.0,2571160064.0,81.1924660993301,18.80753390066989,10.38064044709003
2017-03-16,25675246779.0,20293699584.0,5381547195.0,3174749952.0,79.03993974694096,20.960060253059037,12.365022152763316
2017-03-17,25520125971.0,19141799936.0,6378326035.0,4125479936.0,75.00668279518659,24.99331720481342,16.165593934324708
2017-03-20,23324778864.0,16829800448.0,6494978416.0,4031269888.0,72.15416937553694,27.845830624463062,17.283207320014316
2017-03-21,23459710785.0,17125600256.0,6334110529.0,3913619968.0,73.00004852127165,26.99995147872834,16.68230270981152
2017-03-22,24525568900.0,18187100160.0,6338468740.0,3880120064.0,74.15567090066563,25.844329099334367,15.820713802076167
2017-03-23,23391061758.0,17043399680.0,6347662078.0,3831310080.0,72.86287324760266,27.137126752397332,16.379376531249804
2017-03-24,23424968826.0,16856999936.0,6567968890.0,3929230080.0,71.96167500248694,28.038324997513065,16.773683282937146
2017-03-27,22974628211.0,15784999936.0,7189628275.0,4624990208.0,68.70622580278499,31.29377419721502,20.13085985776956
2017-03-28,23948274698.0,16964500480.0,6983774218.0,4482160128.0,70.83809040079518,29.161909599204815,18.7160043239955
2017-03-29,24177601122.0,16990900224.0,7186700898.0,4561149952.0,70.2753765283166,29.724623471683397,18.865188192097595
2017-03-30,24363299637.0,16929800192.0,7433499445.0,4793280000.0,69.48894626033778,30.51105373966222,19.67418236206623
2017-03-31,24263285436.0,16679000064.0,7584285372.0,4671190016.0,68.74172134682543,31.25827865317456,19.25209192432467
2017-04-03,26972067575.0,17924599808.0,9047467767.0,4411030016.0,66.45615786834983,33.54384213165015,16.354067050048908
2017-04-04,26286255080.0,18619000832.0,7667254248.0,3969730048.0,70.83169806933182,29.16830193066817,15.101923175889686
2017-04-05,26379118035.0,18435700736.0,7943417299.0,4037939968.0,69.88747960238618,30.112520397613817,15.30733500127803
2017-04-06,26419260674.0,18302599168.0,8116661506.0,4089929984.0,69.27748430905997,30.722515690940032,15.480864640640851
2017-04-07,26841654920.0,19168499712.0,7673155208.0,3878210048.0,71.41325588578873,28.58674411421127,14.44847592131998
2017-04-10,27070190907.0,19311200256.0,7758990651.0,3919520000.0,71.3375104089361,28.662489591063895,14.47909995709141
2017-04-11,27094264789.0,19316000768.0,7778264021.0,3941100032.0,71.29184319421763,28.70815680578237,14.54588291172251
2017-04-12,27345271347.0,19600799744.0,7744471603.0,3938929920.0,71.6789367173362,28.321063282663793,14.404427990553229
2017-04-13,27822763232.0,19541299200.0,8281464032.0,4198419968.0,70.23493330642594,29.765066693574056,15.089874190394001
2017-04-17,27997620819.0,19260499968.0,8737120851.0,4417310208.0,68.7933453078601,31.206654692139896,15.777448507347042
2017-04-18,28184880946.0,19433799680.0,8751081266.0,4387859968.0,68.95115050240453,31.04884949759546,15.568133767911924
2017-04-19,28765420476.0,19734800384.0,9030620092.0,4608260096.0,68.60598613695022,31.39401386304978,16.02013813719439
2017-04-20,28438331197.0,19719899136.0,8718432061.0,4373799936.0,69.34267344801259,30.657326551987406,15.379945840357182
2017-04-21,28806067670.0,20020699136.0,8785368534.0,4512609792.0,69.50167362430555,30.498326375694447,15.665483549146991
2017-04-24,28721307958.0,19705399296.0,9015908662.0,4446470144.0,68.60898996945326,31.391010030546745,15.481433333405992
2017-04-25,29705026841.0,20372299776.0,9332727065.0,4557870080.0,68.5819941690185,31.4180058309815,15.343766913245322
2017-04-26,30035721417.0,20627900416.0,9407821001.0,4544370176.0,68.67789233231055,31.32210766768945,15.129885222027395
2017-04-27,30767382232.0,20889200640.0,9878181592.0,4809630208.0,67.89398097792643,32.10601902207355,15.632237321112369
2017-04-28,32381343487.0,21475999744.0,10905343743.0,5669550080.0,66.32213932884495,33.677860671155045,17.508693184012362
2017-05-01,35676656108.0,21981800448.0,13694855660.0,7234070016.0,61.61395950746316,38.38604049253684,20.27676022691448
2017-05-02,36722763569.0,23170199552.0,13552564017.0,6992979968.0,63.09492342117581,36.905076578824186,19.042629934047817
2017-05-03,37233433941.0,23707099136.0,13526334805.0,7050050048.0,63.671535570869466,36.328464429130534,18.93472962813876
2017-05-04,38768130756.0,24311900160.0,14456230596.0,7277479936.0,62.71104560860814,37.28895439139186,18.771810231974342
2017-05-05,42368320884.0,25133099008.0,17235221876.0,8833519616.0,59.320498154297354,40.679501845702646,20.84935024964819
2017-05-08,46960883375.0,26056499200.0,20904384175.0,8569059840.0,55.485538872702264,44.514461127297736,18.247228808651002
2017-05-09,51246847040.0,28132200448.0,23114646592.0,8341490176.0,54.895475669052985,45.104524330947015,16.27707977719911
2017-05-10,49914726537.0,28668100608.0,21246625929.0,8337180160.0,57.43415339909629,42.56584660090372,16.702846511279485
2017-05-11,51248454082.0,29060599808.0,22187854274.0,8213570048.0,56.70531985511531,43.29468014488469,16.026961583773613
2017-05-12,52154016168.0,30131099648.0,22022916520.0,8184929792.0,57.773306567495865,42.22669343250413,15.69376702579236
2017-05-15,53401610392.0,29532600320.0,23869010072.0,8316930048.0,55.30282720542118,44.69717279457882,15.574305694058141
2017-05-16,54053561877.0,28446300160.0,25607261717.0,8466469888.0,52.626134471452865,47.373865528547135,15.663111909749125
2017-05-17,56649275283.0,28204800000.0,28444475283.0,8181519872.0,49.788456885103415,50.211543114896585,14.442408717724955
2017-05-18,60316070765.0,29710499840.0,30605570925.0,8238110208.0,49.25801608622076,50.74198391377923,13.658234204440886
2017-05-19,62541829098.0,30998999040.0,31542830058.0,8902240256.0,49.565226164757796,50.43477383524221,14.234058044657797
2017-05-22,71684940478.0,33393600512.0,38291339966.0,14522099712.0,46.58384353719097,53.41615646280903,20.258229434474888
2017-05-23,74556528301.0,35822600192.0,38733928109.0,15687999488.0,48.04757008987438,51.952429910125616,21.041751601770304
2017-05-24,79871117934.0,37949198336.0,41921919598.0,16779700224.0,47.513042658747565,52.48695734125243,21.008470468468452
2017-05-25,81832033747.0,39995400192.0,41836633555.0,17446600704.0,48.87499229904726,51.12500770095275,21.320013575538933
2017-05-26,74638663554.0,37950599168.0,36688064386.0,16106999808.0,50.845764595641896,49.15423540435811,21.57996813052101
2017-05-30,74739567604.0,36897001472.0,37842566132.0,18004699136.0,49.367426993282876,50.63257300671712,24.089916108955926
2017-05-31,75874780572.0,35786698752.0,40088081820.0,21321900032.0,47.16547248270571,52.83452751729428,28.10143221668624
2017-06-01,79345443330.0,37446201344.0,41899241986.0,21264799744.0,47.19389012455342,52.80610987544658,26.80027844265622
2017-06-02,84918208809.0,39344599040.0,45573609769.0,20479000576.0,46.33234684506215,53.66765315493785,24.116147600406695
2017-06-05,89525148160.0,41133899776.0,48391248384.0,22615799808.0,45.94675420417646,54.05324579582354,25.261951834562595
2017-06-06,93696497135.0,44060999680.0,49635497455.0,22930399232.0,47.025236830909414,52.974763169090586,24.473059221158895
2017-06-07,98330644057.0,46989799424.0,51340844633.0,24382199808.0,47.78754362349249,52.21245637650751,24.796135570785243
2017-06-08,94391635999.0,44557099008.0,49834536991.0,23810899968.0,47.204499144894626,52.79550085510538,25.22564601831062
2017-06-09,97529229844.0,45987098624.0,51542131220.0,24164999168.0,47.152119110914036,52.847880889085964,24.7771864974761
2017-06-12,108246718858.0,48391200768.0,59855518090.0,31525300224.0,44.70454280603226,55.29545719396774,29.123561948658654
2017-06-13,108055891935.0,43934101504.0,64121790431.0,36574498816.0,40.65868201840224,59.34131798159776,33.84775985931526
2017-06-14,110549922340.0,44528300032.0,66021622308.0,36761600000.0,40.27890665997188,59.72109334002812,33.253392876150976
2017-06-15,102150671561.0,40971300864.0,61179370697.0,33158199296.0,40.10869457626003,59.89130542373997,32.46008938492327
2017-06-16,100594567114.0,40484098048.0,60110469066.0,33415800832.0,40.24481560929718,59.75518439070282,33.21829576952316
2017-06-19,106114233369.0,41800601600.0,64313631769.0,34435698688.0,39.39207802090341,60.60792197909659,32.45153604253431
2017-06-20,108199957570.0,42497998848.0,65701958722.0,34304000000.0,39.2772786629846,60.72272133701539,31.704263818964083
2017-06-21,109661103105.0,44440801280.0,65220301825.0,33310500864.0,40.525582929298224,59.474417070701776,30.375857912085152
2017-06-22,106052882944.0,44143661056.0,61909221888.0,31302619136.0,41.624197127493034,58.375802872506966,29.516047340767702
2017-06-23,106106659638.0,44415922176.0,61690737462.0,31195850752.0,41.85969318752667,58.14030681247333,29.400464455699275
2017-06-26,100692543523.0,42513989632.0,58178553891.0,28111192064.0,42.22158676753362,57.77841323246638,27.917848810303315
2017-06-27,93711720511.0,40677937152.0,53033783359.0,25309749248.0,43.4075235522169,56.5924764477831,27.008093662125336
2017-06-28,96975058204.0,41906651136.0,55068407068.0,27206987776.0,43.21384478867108,56.786155211328925,28.055655010555874
2017-06-29,101367805609.0,42150330368.0,59217475241.0,30495309824.0,41.58157524942777,58.41842475057223,30.08382162441963
2017-06-30,97440547919.0,41689124864.0,55751423055.0,28161871872.0,42.78416506714964,57.21583493285036,28.90159432950879
2017-07-03,94081976520.0,41037160448.0,53044816072.0,26815934464.0,43.618514370046526,56.381485629953474,28.50273288880092
2017-07-05,96434487476.0,42760830976.0,53673656500.0,25406922752.0,44.34184501332269,55.65815498667731,26.346303503010905
2017-07-06,95966887126.0,42851422208.0,53115464918.0,25019516928.0,44.65229986228281,55.34770013771719,26.07098935610004
2017-07-07,95947387012.0,42864218112.0,53083168900.0,25160841216.0,44.67471126299566,55.32528873700434,26.22358148518747
2017-07-10,89100898778.0,41509044224.0,47591854554.0,22640531456.0,46.586560622045084,53.41343937795491,25.409992229607226
2017-07-11,79930531357.0,39224180736.0,40706350621.0,19712309248.0,49.07283871392018,50.92716128607982,24.661801833841647
2017-07-12,76423142685.0,38355918848.0,38067223837.0,18377590784.0,50.18887931119893,49.811120688801076,24.047153961920326
2017-07-13,84232641183.0,39511040000.0,44721601183.0,21613936640.0,46.90704155193248,53.09295844806752,25.659811133124204
2017-07-14,80190340523.0,38823104512.0,41367236011.0,19541268480.0,48.41369204669339,51.58630795330661,24.36860643383254
2017-07-17,63769389861.0,31795019776.0,31974370085.0,14932733952.0,49.85937586247027,50.14062413752972,23.41677407381397
2017-07-18,75184039679.0,36749443072.0,38434596607.0,18207434752.0,48.87931431844125,51.12068568155874,24.217154105761097
2017-07-19,81411974243.0,38227845120.0,43184129123.0,21939337216.0,46.95604728353203,53.04395271646797,26.94853849203442
2017-07-20,76347619622.0,37356806144.0,38990813478.0,19187824640.0,48.92988979742261,51.07011020257739,25.13218451996232
2017-07-21,90791033391.0,46718996480.0,44072036911.0,21121122304.0,51.457720806855804,48.5422791931442,23.263445205034653
2017-07-24,90006625213.0,44995604480.0,45011020733.0,21158543360.0,49.99143604542248,50.008563954577525,23.507762134096758
2017-07-25,90356687539.0,45410078720.0,44946608819.0,20985184256.0,50.256466850226204,49.7435331497738,23.22482688062499
2017-07-26,83560608149.0,42455015424.0,41105592725.0,19373395968.0,50.80745145882244,49.192548541177565,23.184843190052643
2017-07-27,82758679658.0,41816489984.0,40942189674.0,19169816576.0,50.52822272758159,49.47177727241841,23.163511857873047
2017-07-28,85272107571.0,44144447488.0,41127660083.0,19125102592.0,51.76891805007173,48.231081949928274,22.428321683119997
2017-07-31,84690076383.0,45535846400.0,39154229983.0,18492033024.0,53.76762939033137,46.23237060966862,21.834946682976355
2017-08-01,87559241537.0,47321755648.0,40237485889.0,19179139072.0,54.045415215255375,45.954584784744625,21.904185937809263
2017-08-02,94913397412.0,44950835200.0,49962562212.0,21275228160.0,47.3598421568216,52.64015784317839,22.415411037968124
2017-08-03,95365131546.0,44666400768.0,50698730778.0,20640077824.0,46.837245483643954,53.162754516356046,21.643212240570467
2017-08-04,96884253997.0,46276210688.0,50608043309.0,21125576704.0,47.7644289746329,52.2355710253671,21.804963998230452
2017-08-07,106486317846.0,52987310080.0,53499007766.0,24510986240.0,49.759735477594404,50.240264522405596,23.0179676936972
2017-08-08,112538944853.0,55590281216.0,56948663637.0,25254578176.0,49.39648340280144,50.60351659719857,22.44074547614419
2017-08-09,117594128422.0,56424906752.0,61169221670.0,27938674688.0,47.98275858596677,52.01724141403322,23.75856266202243
2017-08-10,115141652280.0,55134724096.0,60006928184.0,27882172416.0,47.88425648254906,52.11574351745094,24.21553961045868
2017-08-11,115769892909.0,55667986432.0,60101906477.0,27657009152.0,48.08502887340267,51.91497112659733,23.889638710938062
2017-08-14,127917185025.0,67112329216.0,60804855809.0,28008683520.0,52.46545192726344,47.53454807273656,21.895950504637835
2017-08-15,132906810654.0,71425482752.0,61481327902.0,28195801088.0,53.74102530978939,46.258974690210614,21.214714994104337
2017-08-16,129222673679.0,69342707712.0,59879965967.0,27249725440.0,53.661409207685274,46.338590792314726,21.08741807005991
2017-08-17,134230144424.0,72389124096.0,61841020328.0,28477546496.0,53.92911138301436,46.07088861698564,21.21546290380679
2017-08-18,134777057029.0,71406542848.0,63370514181.0,28380174336.0,52.98123020495651,47.0187697950435,21.057125716800176
2017-08-21,136021661516.0,67567071232.0,68454590284.0,28285462528.0,49.673758193324375,50.32624180667562,20.79482209873817
2017-08-22,135463986160.0,66051018752.0,69412967408.0,30229891072.0,48.759098727528546,51.24090127247146,22.3158139140352
2017-08-23,139850114787.0,67553030144.0,72297084643.0,29691918336.0,48.30387893988308,51.69612106011693,21.231243450334343
2017-08-24,141926096231.0,68363894784.0,73562201447.0,29904596992.0,48.168657209263614,51.83134279073638,21.070541490359215
2017-08-25,144635363064.0,71595073536.0,73040289528.0,30727895040.0,49.50039327817758,50.499606721822424,21.245077544696418
2017-08-28,150127409830.0,72467865600.0,77659544230.0,33002674176.0,48.27090914447971,51.72909085552029,21.98311035497867
2017-08-29,151886749667.0,72553783296.0,79332966371.0,32813217792.0,47.76834283113477,52.23165716886523,21.603739538794827
2017-08-30,155606537409.0,75556601856.0,80049935553.0,34848423936.0,48.55618736467684,51.44381263532316,22.395218424791214
2017-08-31,157510237778.0,75322261504.0,82187976274.0,35701485568.0,47.820549677641665,52.179450322358335,22.666136545561454
2017-09-01,163450514229.0,77748371456.0,85702142773.0,36182855680.0,47.56691762197319,52.43308237802681,22.13688702704632
2017-09-05,138122025317.0,69954437120.0,68167588197.0,28099983360.0,50.64683706993836,49.353162930061636,20.344317494265315
2017-09-06,144623650736.0,72418721792.0,72204928944.0,29639079936.0,50.073913515151915,49.926086484848085,20.493937046371478
2017-09-07,154064279766.0,75944968192.0,78119311574.0,31507544064.0,49.29433890019721,50.70566109980279,20.45090796637295
2017-09-08,154593555405.0,76220227584.0,78373327821.0,31147151360.0,49.303625487052365,50.69637451294764,20.147768306642238
2017-09-11,135882081479.0,68256038912.0,67626042567.0,27394424832.0,50.23181730002324,49.76818269997676,20.16043950300665
2017-09-12,137987050273.0,69033369600.0,68953680673.0,27861831680.0,50.02887550927508,49.97112449072491,20.191627855568225
2017-09-13,136125343795.0,68432248832.0,67693094963.0,27535706112.0,50.27149752147299,49.72850247852702,20.22819949932895
2017-09-14,128827981379.0,64191565824.0,64636415555.0,26166147072.0,49.827347395248204,50.172652604751796,20.310919096854914
2017-09-15,101919579581.0,52453515264.0,49466064317.0,20364886016.0,51.46559226366595,48.534407736334046,19.981328513835876
2017-09-18,116652199128.0,59514085376.0,57138113752.0,23881156608.0,51.018399842335114,48.981600157664886,20.472101500457534
2017-09-19,132772376094.0,67520266240.0,65252109854.0,27809294336.0,50.854152216269064,49.145847783730936,20.945090503096527
2017-09-20,128402402576.0,64918507520.0,63483895056.0,26712387584.0,50.55863926033272,49.44136073966728,20.80365090379771
2017-09-21,127366077420.0,64677552128.0,62688525292.0,26835992576.0,50.78083068753112,49.219169312468885,21.069968644402962
2017-09-22,117105206782.0,60152250368.0,56952956414.0,24458373120.0,51.365991334593566,48.634008665406434,20.885811820076512
2017-09-25,121346564106.0,61061095424.0,60285468682.0,26755461120.0,50.31959155486366,49.68040844513634,22.048799912149363
2017-09-26,128711760474.0,65161023488.0,63550736986.0,27719983104.0,50.625539770441286,49.374460229558714,21.536480428763525
2017-09-27,127597034802.0,64579231744.0,63017803058.0,27219355648.0,50.61185931492176,49.388140685078234,21.332279147582007
2017-09-28,137223758851.0,69633212416.0,67590546435.0,29068738560.0,50.74428291357984,49.25571708642016,21.183458902013722
2017-09-29,135554761038.0,69219221504.0,66335539534.0,28375930880.0,51.063659419971096,48.936340580028904,20.93318645742394
2017-10-02,139754124193.0,72963194880.0,66790929313.0,28708456448.0,52.20825882693671,47.7917411730633,20.542117532326785
2017-10-03,139515645612.0,73181331456.0,66334314156.0,28238487552.0,52.45385285283412,47.54614714716588,20.240373348902136
2017-10-04,136576043161.0,71712522240.0,64863520921.0,27794059264.0,52.50739484044291,47.49260515955709,20.350611000814776
2017-10-05,134292053789.0,70233686016.0,64058367773.0,27800369152.0,52.2992120787365,47.700787921263505,20.701425265027225
2017-10-06,137124834263.0,71810605056.0,65314229207.0,28031059968.0,52.36878165939666,47.63121834060335,20.44200098301489
2017-10-09,144047022638.0,76656467968.0,67390554670.0,29328332800.0,53.21628074232603,46.78371925767398,20.360249217857216
2017-10-10,143275084746.0,79351848960.0,63923235786.0,28281407488.0,55.38426244917323,44.61573755082677,19.739236265773396
2017-10-11,144839285632.0,79578218496.0,65261067136.0,28626298880.0,54.94242680690109,45.05757319309892,19.764181213053057
2017-10-12,146653465747.0,80256729088.0,66396736659.0,28851191808.0,54.72542273665412,45.274577263345876,19.673037838582545
2017-10-13,156708836933.0,90812375040.0,65896461893.0,28911118336.0,57.94974732588075,42.05025267411924,18.44893938454842
2017-10-16,164909056926.0,94558953472.0,70350103454.0,32029241344.0,57.34006077933709,42.65993922066291,19.422366449146907
2017-10-17,165686129145.0,95469297664.0,70216831481.0,31727747072.0,57.62057340385457,42.37942659614543,19.149307932852665
2017-10-18,161665240035.0,93190160384.0,68475079651.0,30160478208.0,57.64390685581182,42.35609314418818,18.65613053336039
2017-10-19,159802906089.0,92866969600.0,66935936489.0,29937942528.0,58.11344228513531,41.886557714864686,18.734291672597294
2017-10-20,161038369545.0,94947926016.0,66090443529.0,29326307328.0,58.95981577823171,41.040184221768286,18.21075772864501
2017-10-23,163411577204.0,99941629952.0,63469947252.0,28111425536.0,61.15945495540669,38.84054504459332,17.20283594160909
2017-10-24,160295103900.0,98781609984.0,61513493916.0,27357478912.0,61.624845413634624,38.375154586365376,17.06694605536233
2017-10-25,156740895558.0,91954200576.0,64786694982.0,28441989120.0,58.66637436811985,41.33362563188016,18.14586360422791
2017-10-26,160343875399.0,95685124096.0,64658751303.0,28408424448.0,59.67494789426597,40.32505210573403,17.717187125051346
2017-10-27,162350175185.0,98225446912.0,64124728273.0,28270110720.0,60.50221183935952,39.497788160640475,17.413046020914894
2017-10-30,169252470017.0,101833015296.0,67419454721.0,29077594112.0,60.16633924797181,39.83366075202818,17.180011676685957
2017-10-31,169794625106.0,102130237440.0,67664387666.0,29331517440.0,60.14927585383917,39.85072414616083,17.274703143099384
2017-11-01,174213362810.0,107286847488.0,66926515322.0,29183592448.0,61.5835925313082,38.41640746869181,16.751638322846745
2017-11-02,178564108397.0,112909656064.0,65654452333.0,27754237952.0,63.23199946372703,36.768000536272964,15.543010407385033
2017-11-03,184568134310.0,118083854336.0,66484279974.0,27547410432.0,63.978462358874346,36.02153764112565,14.925333961349724
2017-11-06,192277724875.0,123379326976.0,68898397899.0,28322701312.0,64.1672492516796,35.83275074832039,14.730100083310546
2017-11-07,186382292767.0,117056233472.0,69326059295.0,28533338112.0,62.80437467218745,37.19562532781255,15.309039119756973
2017-11-08,189547330448.0,119041392640.0,70505937808.0,28128708608.0,62.802990872328614,37.19700912767138,14.839939207540972
2017-11-09,198681790321.0,124146434048.0,74535356273.0,29508962304.0,62.48505907231004,37.51494092768997,14.852373866937619
2017-11-10,197352451721.0,119607435264.0,77745016457.0,30665191424.0,60.60600424315516,39.39399575684484,15.538287544231688
2017-11-13,185868862297.0,99029016576.0,86839845721.0,29379016704.0,53.278970642087145,46.72102935791286,15.806314377206036
2017-11-14,197552798850.0,109433905152.0,88118893698.0,30317289472.0,55.394763217246116,44.605236782753884,15.34642366419705
2017-11-15,200887700742.0,110666571776.0,90221128966.0,32353241088.0,55.08877415951364,44.91122584048635,16.105137829991524
2017-11-16,212166542326.0,122164264960.0,90002277366.0,31927291904.0,57.579420214281996,42.42057978571801,15.048221813853571
2017-11-17,216679972581.0,131026165760.0,85653806821.0,31620308992.0,60.46990139387219,39.53009860612781,14.593092575816897
2017-11-20,228647316286.0,134167306240.0,94480010046.0,33933447168.0,58.67871463322967,41.32128536677033,14.840955808794565
2017-11-21,234837348461.0,136966864896.0,97870483565.0,35220160512.0,58.32414042894306,41.67585957105694,14.997682754814912
2017-11-22,230491543279.0,134851436544.0,95640106735.0,34544005120.0,58.506023529361414,41.493976470638586,14.987103053141512
2017-11-24,244767600866.0,134816366592.0,109951234274.0,39564333056.0,55.07933489359416,44.92066510640585,16.164040059231453
2017-11-27,283937809396.0,156221046784.0,127716762612.0,45254983680.0,55.01945905560007,44.98054094439993,15.938343602871205
2017-11-28,294070481981.0,164104404992.0,129966076989.0,46127161344.0,55.80444656890209,44.195553431097906,15.685750243705279
2017-11-29,302737489829.0,168366702592.0,134370787237.0,45442129920.0,55.614751475643544,44.385248524356456,15.010407183354726
2017-11-30,284995049937.0,165537480704.0,119457569233.0,41411944448.0,58.08433540884066,41.91566459115935,14.530759203415771
2017-12-01,294220079728.0,170435903488.0,123784176240.0,42764972032.0,57.92803252774734,42.07196747225266,14.535028360924679
2017-12-04,325119747945.0,189172383744.0,135947364201.0,44795654144.0,58.185448573859624,41.814551426140376,13.77820154793489
2017-12-05,337566429652.0,195389161472.0,142177268180.0,45212790784.0,57.881692108255045,42.118307891744955,13.393746182228558
2017-12-06,343856228045.0,199390003200.0,144466224845.0,44483092480.0,57.98644518775623,42.01355481224377,12.93653825405732
2017-12-07,377982281632.0,238599536640.0,139382744992.0,41007566848.0,63.124529438207446,36.875470561792554,10.849071197449563
2017-12-08,433625913739.0,297786572800.0,135839340939.0,41845780480.0,68.67361090860408,31.326389091395924,9.650202894743746
2017-12-11,396537470799.0,258146762752.0,138390708047.0,42389250048.0,65.10021921304164,34.89978078695836,10.689847282928426
2017-12-12,441397083942.0,283154612224.0,158242471718.0,50286358528.0,64.149633634917,35.85036636508301,11.392544345537107
2017-12-13,483593396377.0,292900372480.0,190693023897.0,62105632768.0,60.56748803320312,39.43251196679688,12.842531191138033
2017-12-14,473010424650.0,274268504064.0,198741920586.0,67482947584.0,57.98360665453465,42.01639334546535,14.266693516096062
2017-12-15,505290319138.0,277935587328.0,227354731810.0,67090915328.0,55.005128101829506,44.9948718981705,13.277696561148003
2017-12-18,563588086855.0,320000294912.0,243587791943.0,69578416128.0,56.77910913584121,43.22089086415879,12.34561513112699
2017-12-19,592128374113.0,320242253824.0,271886120289.0,76552151040.0,54.08324745520233,45.916752544797674,12.928303115802219
2017-12-20,590816886795.0,297526394880.0,293290491915.0,79810617344.0,50.35847849474805,49.64152150525195,13.508520004725671
2017-12-21,594908668776.0,278826811392.0,316081857384.0,79125323776.0,46.868843240370765,53.13115675962923,13.300415329095319
2017-12-22,586692772592.0,266381426688.0,320311345904.0,79374360576.0,45.40390458725626,54.596095412743736,13.529118524048839
2017-12-26,529310633385.0,235294408704.0,294016224681.0,73717784576.0,44.45299109131178,55.54700890868822,13.92713086162026
2017-12-27,574764198966.0,270976270336.0,303787928630.0,74854146048.0,47.14564178205357,52.85435821794643,13.023453127850082
2017-12-28,570476901591.0,265988489216.0,304488412375.0,73637076992.0,46.62563698445741,53.37436301554259,12.907985719778303
2017-12-29,542092876977.0,246427598848.0,295665278129.0,71544307712.0,45.45855688460844,54.541443115391566,13.19779520272787
2018-01-02,580581295237.0,228578836480.0,352002458757.0,74695671808.0,39.370685613750524,60.629314386249476,12.865669703931534
2018-01-03,634415310164.0,251311702016.0,383103608148.0,85703540736.0,39.613120615111654,60.386879384888346,13.509059343767277
2018-01-04,694586511401.0,256250429440.0,438336081961.0,93049372672.0,36.89251450091305,63.10748549908695,13.396369083574179
2018-01-05,709832055926.0,259747708928.0,450084346998.0,94423851008.0,36.59284006118184,63.40715993881816,13.302280478840997
2018-01-08,769378769013.0,276611596288.0,492767172725.0,112163954688.0,35.95259024925422,64.04740975074577,14.578509208395483
2018-01-09,681212404251.0,253935419392.0,427276984859.0,110999126016.0,37.27698113060707,62.72301886939293,16.29434891721396
2018-01-10,670490326382.0,244980531200.0,425509795182.0,125975928832.0,36.537519120063585,63.462480879936415,18.7886273485514
2018-01-11,674607527722.0,251387068416.0,423220459306.0,122878590976.0,37.26419556343796,62.73580443656205,18.214826536391275
2018-01-12,612321214365.0,225986084864.0,386335129501.0,112263086080.0,36.90646013275173,63.093539867248275,18.33401872192539
2018-01-16,631607769269.0,232517451776.0,399090317493.0,125388570624.0,36.813583221927004,63.186416778072996,19.852284396235373
2018-01-17,497368854552.0,192123404288.0,305245450264.0,102973726720.0,38.62795237973902,61.372047620260986,20.703694205531338
2018-01-18,499546886902.0,188241526784.0,311305360118.0,98642083840.0,37.68245418391103,62.31754581608897,19.7463113926584
2018-01-19,518965063287.0,192149700608.0,326815362679.0,99863855104.0,37.02555609253732,62.97444390746267,19.242885922124763
2018-01-22,518281921921.0,195644588032.0,322637333889.0,102504308736.0,37.74868073863117,62.25131926136882,19.777712553829804
2018-01-23,488330933069.0,184087085056.0,304243848013.0,97554251776.0,37.69719929455891,62.3028007054411,19.97707807754538
2018-01-24,485315997223.0,183418601472.0,301897395751.0,95952658432.0,37.793644248598746,62.206355751401254,19.771171562661323
2018-01-25,511361749094.0,192162840576.0,319198908518.0,103334617088.0,37.57864973601615,62.421350263983854,20.20773303264901
2018-01-26,504253641026.0,189397811200.0,314855829826.0,102333644800.0,37.5600284838071,62.439971516192905,20.294081484822346
2018-01-29,545366410054.0,197870944256.0,347495465798.0,121268518912.0,36.28220231539519,63.71779768460482,22.236154753277244
2018-01-30,522284655750.0,190339072000.0,331945583750.0,115206995968.0,36.44355044792066,63.55644955207934,22.0582769759075
2018-01-31,460383794334.0,170183426048.0,290200368286.0,104230846464.0,36.965555291578106,63.0344447084219,22.639990318247914
2018-02-01,472647478714.0,172372410368.0,300275068346.0,108952059904.0,36.46955037970337,63.53044962029662,23.05144210235534
2018-02-02,415617577833.0,153952600064.0,261664977769.0,100835745792.0,37.0418885713876,62.9581114286124,24.2616653313246
2018-02-05,361649481402.0,139324735488.0,222324745914.0,81337360384.0,38.524798915204386,61.47520108479561,22.49066141853181
2018-02-06,303768194846.0,118809837568.0,184958357278.0,68958748672.0,39.112006978950674,60.887993021049326,22.70110888566188
2018-02-07,339534423289.0,130683248640.0,208851174649.0,77031956480.0,38.48895419029926,61.51104580970074,22.68752479757643
